Metric,Value,Best_Epoch
Final AUC,0.5,4
Final AUPR,0.7500678794461038,4
Final Accuracy,0.5001357588922074,4
Final Precision,0.5001357588922074,4
Final Recall,1.0,4
Final F1,0.6667873303167421,4
Final MCC,0.0,4
