Metric,Value,Best_Epoch
Final AUC,0.5082447087561199,3
Final AUPR,0.492321812780742,3
Final Accuracy,0.501085776330076,3
Final Precision,0.5005455537370431,3
Final Recall,0.996199782844734,3
Final F1,0.6663035584604212,3
Final MCC,0.015571394528901725,3
