Metric,Value,Best_Epoch
Final AUC,0.6032180499551476,1
Final AUPR,0.6006088574217675,1
Final Accuracy,0.5020363833831116,1
Final Precision,0.7,1
Final Recall,0.00760043431053203,1
Final F1,0.015037593984962405,1
Final MCC,0.02953667803885024,1
