Metric,Value,Best_Epoch
Final AUC,0.615807098653484,1
Final AUPR,0.6030242752175948,1
Final Accuracy,0.505566114580505,1
Final Precision,0.647887323943662,1
Final Recall,0.0249728555917481,1
Final F1,0.048092002090956605,1
Final MCC,0.041430235794492704,1
