Metric,Value,Best_Epoch
Final AUC,0.6574245928043874,8
Final AUPR,0.6653940565330084,8
Final Accuracy,0.5473798533803964,8
Final Precision,0.7926421404682275,8
Final Recall,0.12866449511400652,8
Final F1,0.22139187295656237,8
Final MCC,0.17389447114272982,8
