Metric,Value,Best_Epoch
Final AUC,0.5567671997645618,15
Final AUPR,0.5592372923805216,15
Final Accuracy,0.5001357588922074,15
Final Precision,0.5001357588922074,15
Final Recall,1.0,15
Final F1,0.666787330316742,15
Final MCC,0.0,15
