Metric,Value,Best_Epoch
Final AUC,0.5747672894104076,1
Final AUPR,0.5668208938838354,1
Final Accuracy,0.4995927233233777,1
Final Precision,0.49972811310494836,1
Final Recall,0.9983704508419338,1
Final F1,0.6660626925167602,1
Final MCC,-0.007384113183371591,1
