Metric,Value,Best_Epoch
Final AUC,0.5785767252467164,1
Final AUPR,0.5530058277006128,1
Final Accuracy,0.500814332247557,1
Final Precision,0.6153846153846154,1
Final Recall,0.004343105320304018,1
Final F1,0.00862533692722372,1
Final MCC,0.013732745964137143,1
