Metric,Value
Mean AUC,0.5787538777702059
Std AUC,0.038767353164793364
Mean AUPR,0.5719173483701219
Std AUPR,0.042856868741001176
