Metric,Value
Mean AUC,0.562395986946066
Std AUC,0.035515157737675496
Mean AUPR,0.5720884891141098
Std AUPR,0.06526570973611347
