Fold,AUC,AUPR
0,0.533510523542248,0.5162321941451378
1,0.5400288656172008,0.5268101022316775
2,0.5,0.7500678794461038
3,0.5546249884256598,0.5309278224046415
4,0.6107396018191029,0.5986124228221454
5,0.5960553763621598,0.5880870583025691
6,0.5795270709812268,0.5585996546470585
7,0.5234328048356857,0.5221193357862925
8,0.5838661953182457,0.5523023490040186
9,0.6021744425591294,0.5771260723514537
