Fold,AUC,AUPR
0,0.5082447087561199,0.492321812780742
1,0.5785767252467164,0.5530058277006128
2,0.615807098653484,0.6030242752175948
3,0.5567671997645618,0.5592372923805216
4,0.6032180499551476,0.6006088574217675
5,0.6574245928043874,0.6653940565330084
6,0.5626938517694143,0.5590101468625328
7,0.5845451741341067,0.5757165055139557
8,0.5454940872077148,0.5440338154066481
9,0.5747672894104076,0.5668208938838354
