Metric,Value,Best_Epoch
Final AUC,0.6492975802574649,1
Final AUPR,0.6646520147556101,1
Final Accuracy,0.5219638242894057,1
Final Precision,0.7142857142857143,1
Final Recall,0.07731958762886598,1
Final F1,0.13953488372093023,1
Final MCC,0.10203927361433887,1
