Metric,Value,Best_Epoch
Final AUC,0.5,4
Final AUPR,0.7506459948320414,4
Final Accuracy,0.5012919896640827,4
Final Precision,0.5012919896640827,4
Final Recall,1.0,4
Final F1,0.6678141135972461,4
Final MCC,0.0,4
