Metric,Value,Best_Epoch
Final AUC,0.4893168099994658,1
Final AUPR,0.4862175105142037,1
Final Accuracy,0.5012919896640827,1
Final Precision,0.5013054830287206,1
Final Recall,0.9896907216494846,1
Final F1,0.6655112651646448,1
Final MCC,0.00026407123317672494,1
