Metric,Value,Best_Epoch
Final AUC,0.6547860691202393,14
Final AUPR,0.6376455354092209,14
Final Accuracy,0.49870801033591733,14
Final Precision,0.49870801033591733,14
Final Recall,1.0,14
Final F1,0.6655172413793103,14
Final MCC,0.0,14
