Metric,Value,Best_Epoch
Final AUC,0.6505141077612822,8
Final AUPR,0.6136484740401403,8
Final Accuracy,0.6113989637305699,8
Final Precision,0.6666666666666666,8
Final Recall,0.44559585492227977,8
Final F1,0.5341614906832298,8
Final MCC,0.2361603798955816,8
