Metric,Value
Mean AUC,0.5954281136171095
Std AUC,0.075720773586014
Mean AUPR,0.5900830098877254
Std AUPR,0.08004922595364942
