Metric,Value
Mean AUC,0.557170060332347
Std AUC,0.05897265112355552
Mean AUPR,0.6530528719598239
Std AUPR,0.0861766221009872
