Fold,AUC,AUPR
0,0.6713316596335667,0.6400708976979391
1,0.5998477645424924,0.6056284778031854
2,0.5,0.7506459948320414
3,0.5,0.7493540051679587
4,0.5,0.7493540051679587
5,0.5849046525292453,0.5735042923564215
6,0.6255201481918977,0.6287506372504578
7,0.5686595613305054,0.5777903515022724
8,0.521436817095761,0.5054300578200037
9,0.5,0.75
