Fold,AUC,AUPR
0,0.6492975802574649,0.6646520147556101
1,0.4893168099994658,0.4862175105142037
2,0.5673174509908658,0.5780582004993219
3,0.5724053202286203,0.5310537373323956
4,0.5356952085892848,0.5274882055465749
5,0.6547860691202393,0.6376455354092209
6,0.6505141077612822,0.6136484740401403
7,0.7163413782920347,0.7162900851307515
8,0.4741603801444334,0.4707951446601435
9,0.6444468307874036,0.6749811909888923
