Metric,Value,Best_Epoch
Final AUC,0.7359714917058292,1
Final AUPR,0.6965833289856874,1
Final Accuracy,0.6489151873767258,1
Final Precision,0.5974358974358974,1
Final Recall,0.9173228346456693,1
Final F1,0.7236024844720498,1
Final MCC,0.35218520921048024,1
