Metric,Value,Best_Epoch
Final AUC,0.6337415579969499,1
Final AUPR,0.6254349558127257,1
Final Accuracy,0.5009861932938856,1
Final Precision,0.5009861932938856,1
Final Recall,1.0,1
Final F1,0.6675427069645203,1
Final MCC,0.0,1
