Metric,Value,Best_Epoch
Final AUC,0.6640938657371386,15
Final AUPR,0.6489900660253112,15
Final Accuracy,0.5996055226824457,15
Final Precision,0.5698324022346368,15
Final Recall,0.8063241106719368,15
Final F1,0.6677577741407528,15
Final MCC,0.2195465056391691,15
