Metric,Value
Mean AUC,0.5481410402055911
Std AUC,0.06114193681590264
Mean AUPR,0.6968531524377404
Std AUPR,0.07057885630702754
