Metric,Value
Mean AUC,0.5985690988582684
Std AUC,0.08721373377745813
Mean AUPR,0.5893310496252433
Std AUPR,0.07298643021801143
