Metric,Value
Mean AUC,0.5392556633698455
Std AUC,0.08711603637734006
Mean AUPR,0.5517572137560548
Std AUPR,0.05732863340799088
