Fold,AUC,AUPR
0,0.7359714917058292,0.6965833289856874
1,0.5777286732439078,0.5902438247333892
2,0.48625937568080674,0.513338561540604
3,0.6640938657371386,0.6489900660253112
4,0.6559780655845271,0.632552825986544
5,0.6693043165804808,0.6549602408236259
6,0.6358012154540769,0.6172113151656881
7,0.4867284288146979,0.47815817515378944
8,0.6077817181958787,0.5864483526751719
9,0.4660438375853395,0.4748238051626214
