Fold,AUC,AUPR
0,0.6263716997471855,0.6090858471640457
1,0.45213962699250543,0.4944285803480639
