Fold,AUC,AUPR
0,0.6556907659269864,0.6850338381404287
1,0.6337415579969499,0.6254349390263989
2,0.5975304223335719,0.5753876773483162
3,0.5,0.7495069033530573
4,0.5,0.75
5,0.5,0.75
6,0.5,0.75
7,0.5,0.75
8,0.5944476557984033,0.5831681665092028
9,0.5,0.75
